"scientific_name","Zone1_A","Zone1_B","Zone1_C","Zone1_D","Zone1_E","Zone2_A","Zone2_B","Zone2_C","Zone2_D","Zone2_E","Zone3_A","Zone3_B","Zone3_C","Zone3_D","Zone3_E","Zone3_F","Zone4_A","Zone4_B","Zone4_C","Zone4_D","Zone4_E","Zone4_F","Zone4_G","Zone4_H","Zone4_I","Zone4_J","Zone4_K"
"Abramis.brama",43.62,88.66,99.97,78.13,98.7,97.61,92.59,58.56,0.53,13.55,53.56,19.02,0,10.91,0.02,0,0,0,0,5.86,0,0,0,0,0.1,0,0
"Agonus.cataphractus",0,0.15,0,0,0,0,0,5.87,4.78,13.77,6.18,1.07,90.85,15.67,4.13,80.44,97.46,97.22,31.73,69.86,100,85.39,99.66,95.73,92.87,53.97,79.8
"Alburnus.alburnus",36.44,91.65,98.94,84.43,98.99,96.56,98.97,79.75,0.12,13.32,81.37,19.02,0,10.76,0,0,0,0,0,8.87,0,0,0,0,0.01,0,0
"Alosa.fallax",3.15,17.51,0.95,0,0,0,0.58,8.17,19.49,5.72,7.77,4.67,0,10.71,21.5,25.78,0,29.17,0,4.36,1.58,16.9,0.02,4.01,0.97,23.74,13.06
"Amblyraja.radiata",0.05,0.08,0,0,0,0,0,0.13,0.49,0.09,0.09,0.18,0.67,0.08,0.51,17.54,0.71,100,0,0.54,6.79,16.87,17.9,51.06,18.4,100,91.47
"Ammodytes.marinus",0.67,3.05,0.03,0.12,0.02,0.01,0.18,18.82,7.77,35.96,23.55,27.07,92.8,33.38,4.6,78.13,100,100,80.44,80.88,100,85.82,99.99,100,96.58,99.99,99.97
"Aphia.minuta",0,0,0,0,0,0,0,0.28,3.87,2.71,0.15,0,12.07,4.1,3.88,79.51,0,97.22,0,3.34,92.05,85.28,11.6,62.2,34.04,99.92,89.15
"Arnoglossus.laterna",0,0.01,0,0,0,0,0,0.3,0.02,0.2,0.45,0.02,33.62,1.48,0.19,56.31,36.81,100,5.72,13.96,81.82,69.32,91,91.41,57.08,100,99.95
"Belone.belone",0.96,17.59,0.14,0,0,0,0.49,33.49,27.93,57.65,46.11,38.8,99.81,58.79,23.36,96.12,100,100,99.26,95.41,100,97.84,100,100,99.96,98.66,99.03
"Blicca.bjoerkna",24.5,92.18,90.69,14.74,0.21,55.84,78.05,64.85,0.5,13.32,65.9,17.9,0,11.03,0.03,0,0,0,0,6.01,0,0,0,0,0,0,0
"Buglossidium.luteum",0,0,0,0,0,0,0,0.08,0.14,0.25,0.09,0,12.5,0.4,0.15,34.61,17.4,100,0,1.37,44.82,39.38,75.44,82.18,39.79,99.07,95.83
"Callionymus.lyra",0,0,0,0,0,0,0,0.41,0,0.22,0.72,0.02,42.58,1.29,0.15,55.93,78.61,100,21.96,20.52,80.02,66.98,100,97.8,62.31,100,99.98
"Callionymus.maculatus",0,0,0,0,0,0,0,0.02,0.01,0,0.05,0,2.08,0.01,0.02,32.32,2.02,100,2.4,0.38,46.13,38.69,26.58,61.56,25.33,100,95.25
"Carassius.carassius",12.9,72.79,59.82,10.9,1.53,33.43,56.16,51.94,0.03,6.64,57.95,7.35,0,5.37,0,0,0,0,0,4.62,0,0,0,0,0,0,0
"Chelidonichthys.lucerna",0,0,0,0,0,0,0,0,0,0,0,0,0.97,0,0,20.29,0,94.44,0,0.01,3.89,21.68,21.56,51.1,18.7,99.24,89.79
"Ciliata.mustela",0,0,0,0,0,0,0,0.46,0.09,0.15,1.07,0.05,17.74,0.29,0.09,4.45,38.6,100,46.13,7.32,0,2.13,70.89,43.27,25.84,54.75,46.03
"Clupea.harengus",63.66,28.7,1.74,9.99,2.38,1.58,16.19,53.33,99.98,91.6,49.35,96.44,49.15,92.64,100,97.97,26.28,0,1.29,49.12,100,97.95,32.34,65.65,62.41,78.08,74.12
"Coregonus.albula",48.44,0.29,20.33,84.08,96.02,55.06,26.89,2.59,12.1,2.56,0.11,2.52,0,1.61,8.7,0,0,0,0,0.07,0,0,0,0,0,0,0
"Coregonus.maraena",66.31,4.46,5.71,69.94,62.33,30.23,18.57,18.62,11.5,15.31,10.08,27.73,0,12.38,7.29,0,0,0,0,2.56,0,0,0,0,0,0,0
"Cottus.gobio",17.89,0.09,0,6.02,0,0.28,1.92,7.24,3.61,9.3,3.12,18.23,0,7.76,2.21,0,0,0,0,1.13,0,0,0,0,0,0,0
"Ctenolabrus.rupestris",0,0.03,0,0,0,0,0,0.97,0,0.63,1.93,0.03,36.85,1.12,0,6.43,92.85,4.17,78.78,26.43,0.14,4.87,80.6,35.09,33.86,1.13,12.15
"Cyclopterus.lumpus",0.12,0,0,0,0,0,0,0,46.86,33.22,0,4.63,18.65,41.4,57.02,84.47,0,0,0,6.02,98.9,85.69,33.04,46.08,43.01,5.75,39.44
"Enchelyopus.cimbrius",0,0,0,0,0,0,0,0,16.74,0.21,0,0,0,0.82,25.01,37.68,0,95.83,0,0,21.33,30.98,0,27.24,3.84,90.95,57.86
"Engraulis.encrasicolus",0,0,0,0,0,0,0,0,13.16,11.88,0,0.12,15.17,13.33,13.13,87.29,0,95.83,0,2.87,96.12,91.14,35.74,69.29,45.6,99.07,96.59
"Entelurus.aequoreus",0,0,0,0,0,0,0,0.19,0,0.08,0.35,0.01,8.91,0.2,0,23.09,12.98,100,16.61,3.93,5.78,22.58,66.77,71.92,34.26,99.62,98.7
"Esox.lucius",21.69,43.28,64.42,83.34,92.81,79.86,72.16,42.17,0.07,6.75,50.14,6.74,1.65,5.4,0,0,0,0,5.35,6.49,0,0,0,0,0.31,0,0
"Gadus.morhua",0.07,0.38,0,0,0,0,0,7.25,45.72,44.79,8.52,13.69,95.84,52.35,51.97,100,100,100,73.99,79.39,100,99.94,100,100,98.41,100,100
"Gasterosteus.aculeatus",70.84,69.06,41.43,47.7,22.44,37.53,55.41,84.11,93.47,95.58,89.73,96.24,92.88,96.2,92.1,99.04,86.6,0,100,95.74,100,99.9,76.3,82.56,91.44,76,74.3
"Glyptocephalus.cynoglossus",0,0,0,0,0,0,0,0,0,0,0,0,0.01,0,0,8.11,0,95.83,0,0,8.08,9.54,0.03,28.07,4.49,89.32,59.77
"Gymnocephalus.cernua",74.11,91.98,99.99,99.22,99.86,99.99,99.61,72.83,4.34,25.49,67.71,37.79,0.01,21.03,1.73,0,0,0,0,7.58,0,0,0,0,0.08,0,0
"Hippoglossoides.platessoides",0,0.01,0,0,0,0,0,0.31,0.35,0.12,0.41,0.01,21.18,0.92,0.45,56.13,21.49,100,11.81,8.81,76.91,66.87,72.57,84.9,48.77,100,99.99
"Hyperoplus.immaculatus",0,0,0,0,0,0,0,0,5.57,10.53,0,0.39,1.13,10.81,3.88,0.49,0,0,0,0.61,0.1,0.45,0,0,2.37,0,0
"Hyperoplus.lanceolatus",0.75,3.92,0,0,0,0,0,18.23,21.75,56.53,20.69,38.73,86.67,55.52,16.47,55.88,95.82,52.78,28.41,78.56,92.24,57.03,99.36,79.94,90.98,9.62,47.69
"Labrus.bergylta",0,0,0,0,0,0,0,0.33,0,0.33,0.64,0.01,20.58,0.69,0,7.24,64.32,4.17,22.51,15.03,2.4,8.4,34.23,19.3,18.43,1.39,8.53
"Lampetra.fluviatilis",82.27,93.77,81.56,62.88,40.31,64.98,80.38,83.7,94.4,83.31,85.85,92.36,2,83.26,86.79,11.96,0,2.78,0,19.11,1.01,4.14,0,0.13,2.81,19.4,5.04
"Lepidorhombus.whiffiagonis",0,0,0,0,0,0,0,0,0,0,0,0,0.12,0,0,15.5,0,94.44,0,0,4.4,16.04,13.37,47.84,16.52,83.05,78.73
"Leuciscus.idus",18.79,32.21,22.14,56,48.14,42.39,44.78,46.04,0.08,7.69,55.45,11.45,0.06,6.07,0,0,0,0,0,5.61,0,0,0,0,0,0,0
"Leuciscus.leuciscus",25.25,0.81,7.59,68.95,86.37,44.21,12.13,2.48,0.57,2.19,0.91,3.02,0,1.38,0.26,0,0,0,0,0.02,0,0,0,0,0,0,0
"Limanda.limanda",0,0.66,0,0,0,0,0,7.71,7.44,15.67,9.29,1.77,97.35,17.76,6.9,98.93,100,100,91.88,77.83,100,99.99,100,100,97.19,100,99.99
"Liparis.liparis",5.5,0,0,0,0,0,0,0,42.69,3.82,0,1.97,0,6.96,40.92,0.69,0,0,0,0,0.25,1.01,0,0.15,0.01,9.56,4.02
"Lophius.piscatorius",4.71,0.03,0.28,7.28,35.41,4.82,0.51,0.08,0.55,0.05,0,0.09,0.03,0.02,0.22,3.04,0.19,100,0,0.05,0,1.01,9.69,37.06,11.97,91.86,70
"Lota.lota",63.07,29.32,13.38,79.46,76.24,38.52,25.88,22.16,5.57,12.78,13.46,23.84,0,10.06,2.83,0,0,0,0,1.54,0,0,0,0,0,0,0
"Lumpenus.lampretaeformis",0.05,0,0,0,0,0,0,0,15.94,0.32,0,0.05,2.42,2.2,15.89,37.56,0,100,0,0.03,60.18,48.2,8.32,53.15,22.33,99.41,86.03
"Maurolicus.muelleri",0.01,0,0,0,0,0,0,0,0,0,0,0,0,0,0,0.14,0,95.83,0,0,0,0.13,0.01,16.38,1.08,90.11,44.95
"Melanogrammus.aeglefinus",0,0,0,0,0,0,0,0,2,0.24,0,0,1.25,0.41,2.08,49.14,0,100,0,0.08,34.07,49.23,22.98,56.38,22.15,100,95.14
"Merlangius.merlangus",0,0.65,0,0,0,0,0,5.48,9.93,10.05,7,0.16,88.04,12.51,10.97,99.81,92.15,100,92.25,65.82,100,100,100,100,90.42,100,100
"Micromesistius.poutassou",0,0,0,0,0,0,0,0,0,0,0,0,0,0,0,0,0,0,0,0,0,0,0,0,0,0.76,0.62
"Microstomus.kitt",0,0,0,0,0,0,0,0.1,0.02,0.01,0.14,0.02,23.75,0.09,0.15,43.5,39.73,100,0.55,6.11,51.01,52.48,95.32,90.08,49.44,100,99.86
"Mullus.surmuletus",0,0,0,0,0,0,0,0.03,0.7,1.9,0.03,0,21.46,3.07,0.84,72.07,18.48,100,0,9.46,98.92,83.65,44.05,76.49,48.51,99.99,98.72
"Myoxocephalus.quadricornis",47.31,0.23,0.02,1.67,0.14,0.03,1.07,2.32,55.48,27.38,0.29,35.84,0,27.47,47.24,0,0,0,0,0.55,0,0,0,0,0,0,0
"Myoxocephalus.scorpius",1.59,0.01,0,0,0,0,0,1.97,15.03,25.63,2.42,8.41,73.78,29.53,13.04,53.39,97.6,19.44,65.68,56.16,79.02,58.58,93.43,80.36,81.59,10.43,51.73
"Myxine.glutinosa",0,0,0,0,0,0,0,0,0.04,0,0,0,0,0.03,0.04,0.51,0,95.83,0,0,0,0.34,0,16.52,0.77,89.18,44.8
"Neogobius.melanostomus",5.43,73.64,7.55,0,0,0.61,2.19,59.01,7.52,43.37,74.07,38.82,66.63,39.72,4.4,41.53,25.53,0,61.25,78.8,88.62,47.96,0.17,12.05,47.09,0,0.56
"Nerophis.ophidion",52.34,43.8,22.42,11.57,0.09,10.1,44.13,61.2,64.38,56.58,58.41,86.93,0,52.11,61.08,0,0,0,0,10.48,0,0,0,0,0.26,0,0
"Osmerus.eperlanus",50.4,32.74,5.77,1.28,0.14,0.72,4.87,33.21,45.62,43.92,27.1,66.13,0,39.89,37.45,8.33,0,0,0,6.09,0,6.13,0,0,0.25,0,0
"Perca.fluviatilis",73.06,99.03,100,100,100,100,100,90.67,2.83,32.89,88.72,53.43,0.78,26.93,0.4,0,0,0,0,17.02,0,0,0,0,0.92,0,0
"Phoxinus.phoxinus",2.66,0.15,0.01,1.51,1.93,0.02,1.26,6.69,0.66,3.51,5,7.85,0,2.95,0.27,0,0,0,0,1.1,0,0,0,0,0,0,0
"Platichthys.flesus",5.31,47.38,4.87,0.02,0,0.39,0.71,52.89,59.34,74.51,63.69,60.29,100,78.81,65.64,100,100,100,100,97.91,100,99.99,100,100,100,98.97,99.06
"Pleuronectes.platessa",0,3.55,0,0,0,0,0,10.85,28.82,30.8,14.02,4.99,100,37.63,28.14,100,100,100,100,85.74,100,100,100,100,99.68,100,100
"Pollachius.pollachius",0,0.04,0,0,0,0,0,0.38,0.18,0.03,0.68,0,7.24,0.16,0.18,7.4,4.42,100,27.86,5.07,0,8.94,22.36,30.55,13.21,86.18,56.51
"Pollachius.virens",0,0.03,0,0,0,0,0,1.58,0.98,0.38,2.81,0.09,34.7,0.96,0.97,19.76,59.05,100,86.72,22.27,0.02,17.27,87.69,55.06,38.26,94.85,67.6
"Pomatoschistus.minutus",0.27,7.32,0.04,0,0,0,0.07,14.55,28.69,36.03,19.99,12.84,96.48,38.09,25.44,95.41,87.64,100,97.42,82.13,100,97.14,96.08,99.21,96.73,100,99.84
"Pungitius.pungitius",19.61,17.49,1.37,4.95,2.45,0.2,10.41,22.92,68.91,30.8,28.78,33.9,0.01,34.78,73.57,0.93,0,0,0,2.95,0,0.22,0,0,0,0,0
"Rutilus.rutilus",56.58,97.82,100,98.38,100,99.98,99.92,86.07,0.94,20.89,84.35,31.21,1.7,16.99,0.12,0,0,0,3.87,14.19,0,0.01,0,0,0.6,0,0
"Salmo.salar",73.08,78.1,6.77,36.93,7.14,11.35,26.74,79.34,99.25,92.27,85.08,95.74,31.98,90.92,99.47,35.36,24.87,0,0.55,51.82,4.34,22.7,0.09,2.14,23.53,0.21,0.23
"Salmo.trutta",13.47,5.44,0.69,7.17,0.07,2.19,1.58,18.69,0.37,12.73,18.58,17.88,50.32,11.06,0.07,2.54,98.45,0,79.52,58.22,0,1.21,34.08,12.73,28.94,0.01,0.14
"Sander.lucioperca",28.5,91.14,93.47,15.82,0.24,58.16,77.96,60.44,1.64,20.28,57.14,27.45,0.03,16.94,0.45,0,0,0,0,10.07,0,0,0,0,0.99,0,0
"Sardina.pilchardus",0,0,0,0,0,0,0,0.09,0,0.47,0.19,0.01,16.11,0.85,0.01,43.13,18.24,100,0,3.12,69.28,50,80.18,85.46,45.18,99.94,99.02
"Scardinius.erythrophthalmus",11.2,67.26,43.41,6.99,0.12,18.93,50.26,55.57,0.04,7.73,66.71,9.44,0.01,6.29,0,0,0,0,0,4.77,0,0,0,0,0,0,0
"Scomber.scombrus",0,0.16,0,0,0,0,0,3.01,7.49,8.98,3.34,2.12,80.67,10.9,8.67,98.89,97.93,100,12.36,60.25,99.97,99.42,99.99,99.64,87.02,99.72,99.16
"Scophthalmus.maximus",0.34,2.37,0,0,0,0,0.01,5.52,35.48,49.42,6.55,24.97,68.35,55.81,30.55,97.13,55.38,86.11,0.55,50.5,100,98.08,95.88,98.02,84.63,76.34,91.37
"Scophthalmus.rhombus",0,0.79,0,0,0,0,0,7.46,2.02,9.85,9.04,0.68,93.3,11.4,1.89,84.45,87.78,100,76.01,72.3,100,89.11,99.92,99.92,92.86,100,99.8
"Scyliorhinus.canicula",0.01,0.29,0.03,0,0,0,0,0.57,0,0.33,0.24,0.75,7.24,0.28,0,9.72,9.26,100,1.11,4.44,0.58,6.36,49.69,55.42,24.31,99.78,85.9
"Solea.solea",0,0.53,0,0,0,0,0,6.5,1.99,5.67,8.91,0.19,84.17,7.91,2.1,87.25,91.4,100,93.17,63.42,99.64,93,100,99.61,84.72,100,99.97
"Sprattus.sprattus",31.97,35.81,4.1,1.47,0,0.18,13.67,56.6,98.11,89.1,66.13,86.23,83.71,91.45,99.41,99.86,66.01,6.94,24.72,86.36,100,99.92,69.73,85.32,89.05,98.4,89.34
"Squalus.acanthias",0,0,0,0,0,0,0,0,0,0,0,0,0.29,0,0,0.14,0.14,100,0,0,0,0.11,7.01,20.69,5.45,91.02,49.77
"Symphodus.melops",0,0,0,0,0,0,0,0.75,0,0.22,1.57,0.02,17.82,0.45,0,1.38,35.12,0,66.24,11.38,0,0.45,25.37,9.78,11.72,0.34,4.34
"Syngnathus.acus",0,0.02,0,0,0,0,0,1.23,0,0.43,2.18,0.02,10.53,0.72,0,14.79,2.49,0,61.99,7.22,1.89,16.31,15.02,29.44,17.18,52.55,45.81
"Syngnathus.rostellatus",0.19,4.55,0.03,0.06,0,0.03,0.04,13.74,5.22,19.96,18.89,6.61,93.64,20.12,3.85,88.84,93.46,100,95.02,77.79,100,90.7,97.88,99.7,94.85,100,100
"Taurulus.bubalis",0.07,0.04,0,0,0,0,0,4.28,1.23,10.55,5.14,14.91,44.02,9.46,0.63,12.08,87.96,2.78,40.59,41.19,3.63,8.27,42.23,22.44,33.44,0.02,5.21
"Tinca.tinca",6.55,40.35,47.18,4.71,0.17,24.1,43.9,35.23,0.02,4.81,43.1,5.46,0,4,0,0,0,0,0,2.96,0,0,0,0,0,0,0
"Trachinus.draco",0,0,0,0,0,0,0,0.1,0.01,0.08,0.17,0.01,17.87,0.96,0.17,53.03,12.93,100,0,3.7,77.26,64.81,73.71,84.97,47.55,99.98,99.22
"Trachurus.trachurus",0,0,0,0,0,0,0,0.04,7.51,5.67,0.03,0.03,31.1,7.28,8.66,95.92,17.68,100,0,14.21,99.66,98.9,58.42,83.57,58.96,100,99.76
"Trisopterus.esmarkii",0,0,0,0,0,0,0,0,0.02,0,0,0,0.72,0,0.02,20.12,0.09,100,0,0.01,18.52,24.33,15.77,50.03,17.39,98.33,85.88
"Trisopterus.minutus",0,0,0,0,0,0,0,0,2.01,0,0,0,0.8,0.03,2.47,34.34,0,100,0,0.07,18.78,36.15,20.17,52.83,19.39,99.99,91.5
"Vimba.vimba",14.27,67.7,63.84,7.32,0.33,32.97,47.21,40.87,0.27,9.93,42.82,13.03,0,8.29,0.05,0,0,0,0,8.51,0,0,0,0,0.39,0,0
"Zoarces.viviparus",51.77,37.24,5.19,18.32,5.14,5.02,23.34,67.2,50.25,67.45,72.38,85.65,89,65.8,42.52,50.61,92.2,0,100,91.87,97.92,61.43,29.46,35.62,64.16,0.04,9.92
"Alloteuthis.subulata",0,0,0,0,0,0,0,0,0,0,0,0,0,0,0,0.08,0,91.67,0,0,0,0.07,0.11,14.07,2.58,66.35,34.82
"Cancer.pagurus",0,0,0,0,0,0,0,0,0,0,0.04,0,6.15,0.01,0,6.69,21.77,100,1.48,1.61,0.17,2.31,62.44,58.62,26.48,92.71,80.97
"Carcinus.maenas",0.01,5.62,0.08,0,0,0,0,7.59,0,2.06,11.55,0.19,30.59,2.59,0,6.62,22.66,0,100,30.52,0,7.95,7.86,6.78,16.74,9.58,9.63
"Homarus.gammarus",0,0,0,0,0,0,0,0.05,0,0.03,0.1,0,17.2,0.14,0,15.31,18.1,77.78,5.17,9.33,4.52,16.43,52.65,36.2,23.24,45.39,39.83
"Hyas.araneus",0,0.02,0,0,0,0,0,0.23,0.02,0.02,0.33,0,7.12,0.15,0.02,1.09,2.12,100,26.94,5.57,0,1.27,13.23,13.38,7.88,33.53,26.78
"Loligo.forbesii",0,0,0,0,0,0,0,0,0,0,0,0,0,0,0,2,0,98.61,0,0,0,0.1,13.52,37.01,12.28,91.19,69.21
"Macropodia.rostrata",0,0,0,0,0,0,0,0.1,0,0.01,0.13,0,3.83,0.13,0,0.1,1.6,0,6.46,4,0,0.14,2.77,0.37,2.09,0,0.11
"Nephrops.norvegicus",0,0,0,0,0,0,0,0,0,0,0,0,0,0,0,1.66,0,95.83,0,0,0,0.62,0.41,28.75,6.68,94.91,60.73
