"cluster_1","cluster_2","n_species_1","n_species_2","n_shared","pct_of_cluster_1","pct_of_cluster_2","total_pct"
"Zone2_D","Zone3_F",9,10,7,77.8,70,58.3
"Zone2_E","Zone3_D",29,24,19,65.5,79.2,55.9
"Zone2_C","Zone3_B",23,19,11,47.8,57.9,35.5
"Zone1_C","Zone2_A",21,31,13,61.9,41.9,33.3
"Zone3_G","Zone4_D",23,29,11,47.8,37.9,26.8
"Zone2_E","Zone3_E",29,14,9,31,64.3,26.5
"Zone3_G","Zone4_E",23,22,8,34.8,36.4,21.6
"Zone1_D","Zone2_C",29,23,9,31,39.1,20.9
"Zone3_A","Zone4_H",31,16,8,25.8,50,20.5
"Zone3_A","Zone4_A",31,26,9,29,34.6,18.8
"Zone1_C","Zone2_B",21,11,5,23.8,45.5,18.5
"Zone3_C","Zone4_G",16,17,5,31.2,29.4,17.9
"Zone3_D","Zone4_G",24,17,6,25,35.3,17.1
"Zone3_C","Zone4_I",16,39,8,50,20.5,17
"Zone3_H","Zone4_D",9,29,5,55.6,17.2,15.2
"Zone1_D","Zone2_A",29,31,7,24.1,22.6,13.2
"Zone2_E","Zone4_G",29,17,5,17.2,29.4,12.2
"Zone1_D","Zone3_B",29,19,5,17.2,26.3,11.6
"Zone1_A","Zone2_A",18,31,5,27.8,16.1,11.4
"Zone2_C","Zone4_H",23,16,4,17.4,25,11.4
"Zone3_E","Zone4_H",14,16,3,21.4,18.8,11.1
"Zone3_H","Zone4_E",9,22,3,33.3,13.6,10.7
"Zone3_C","Zone4_F",16,15,3,18.8,20,10.7
"Zone2_C","Zone3_A",23,31,5,21.7,16.1,10.2
"Zone3_B","Zone4_H",19,16,3,15.8,18.8,9.4
"Zone2_A","Zone3_B",31,19,4,12.9,21.1,8.7
"Zone3_D","Zone4_I",24,39,5,20.8,12.8,8.6
"Zone1_D","Zone2_B",29,11,3,10.3,27.3,8.1
"Zone1_C","Zone3_B",21,19,3,14.3,15.8,8.1
"Zone2_B","Zone3_B",11,19,2,18.2,10.5,7.1
"Zone3_B","Zone4_A",19,26,3,15.8,11.5,7.1
"Zone1_D","Zone2_D",29,9,2,6.9,22.2,5.6
"Zone2_C","Zone4_F",23,15,2,8.7,13.3,5.6
"Zone2_A","Zone4_A",31,26,3,9.7,11.5,5.6
"Zone1_D","Zone2_E",29,29,3,10.3,10.3,5.5
"Zone1_B","Zone2_A",10,31,2,20,6.5,5.1
"Zone2_A","Zone3_A",31,31,3,9.7,9.7,5.1
"Zone1_D","Zone3_E",29,14,2,6.9,14.3,4.9
"Zone3_G","Zone4_K",23,42,3,13,7.1,4.8
"Zone1_D","Zone4_H",29,16,2,6.9,12.5,4.7
"Zone2_E","Zone4_I",29,39,3,10.3,7.7,4.6
"Zone3_A","Zone4_F",31,15,2,6.5,13.3,4.5
"Zone1_C","Zone4_A",21,26,2,9.5,7.7,4.4
"Zone2_C","Zone3_D",23,24,2,8.7,8.3,4.4
"Zone1_A","Zone3_A",18,31,2,11.1,6.5,4.3
"Zone1_D","Zone3_A",29,31,2,6.9,6.5,3.4
"Zone3_A","Zone4_D",31,29,2,6.5,6.9,3.4
"Zone3_B","Zone4_F",19,15,1,5.3,6.7,3
"Zone3_A","Zone4_I",31,39,2,6.5,5.1,2.9
"Zone1_D","Zone3_F",29,10,1,3.4,10,2.6
"Zone2_E","Zone3_F",29,10,1,3.4,10,2.6
"Zone2_C","Zone4_G",23,17,1,4.3,5.9,2.6
"Zone3_D","Zone4_F",24,15,1,4.2,6.7,2.6
"Zone1_C","Zone2_C",21,23,1,4.8,4.3,2.3
"Zone1_A","Zone4_A",18,26,1,5.6,3.8,2.3
"Zone3_G","Zone4_J",23,22,1,4.3,4.5,2.3
"Zone2_C","Zone3_G",23,23,1,4.3,4.3,2.2
"Zone2_C","Zone4_A",23,26,1,4.3,3.8,2.1
"Zone3_H","Zone4_K",9,42,1,11.1,2.4,2
"Zone3_D","Zone4_A",24,26,1,4.2,3.8,2
"Zone1_D","Zone3_D",29,24,1,3.4,4.2,1.9
"Zone3_A","Zone4_E",31,22,1,3.2,4.5,1.9
"Zone2_A","Zone4_D",31,29,1,3.2,3.4,1.7
"Zone2_C","Zone4_K",23,42,1,4.3,2.4,1.6
"Zone3_A","Zone4_K",31,42,1,3.2,2.4,1.4
"Zone1_D","Zone1_C",29,21,0,0,0,0
"Zone1_D","Zone1_B",29,10,0,0,0,0
"Zone1_D","Zone1_A",29,18,0,0,0,0
"Zone1_D","Zone3_H",29,9,0,0,0,0
"Zone1_D","Zone3_G",29,23,0,0,0,0
"Zone1_D","Zone3_C",29,16,0,0,0,0
"Zone1_D","Zone4_K",29,42,0,0,0,0
"Zone1_D","Zone4_J",29,22,0,0,0,0
"Zone1_D","Zone4_I",29,39,0,0,0,0
"Zone1_D","Zone4_G",29,17,0,0,0,0
"Zone1_D","Zone4_F",29,15,0,0,0,0
"Zone1_D","Zone4_E",29,22,0,0,0,0
"Zone1_D","Zone4_D",29,29,0,0,0,0
"Zone1_D","Zone4_C",29,20,0,0,0,0
"Zone1_D","Zone4_B",29,16,0,0,0,0
"Zone1_D","Zone4_A",29,26,0,0,0,0
"Zone1_C","Zone1_B",21,10,0,0,0,0
"Zone1_C","Zone1_A",21,18,0,0,0,0
"Zone1_C","Zone2_E",21,29,0,0,0,0
"Zone1_C","Zone2_D",21,9,0,0,0,0
"Zone1_C","Zone3_H",21,9,0,0,0,0
"Zone1_C","Zone3_G",21,23,0,0,0,0
"Zone1_C","Zone3_F",21,10,0,0,0,0
"Zone1_C","Zone3_E",21,14,0,0,0,0
"Zone1_C","Zone3_D",21,24,0,0,0,0
"Zone1_C","Zone3_C",21,16,0,0,0,0
"Zone1_C","Zone3_A",21,31,0,0,0,0
"Zone1_C","Zone4_K",21,42,0,0,0,0
"Zone1_C","Zone4_J",21,22,0,0,0,0
"Zone1_C","Zone4_I",21,39,0,0,0,0
"Zone1_C","Zone4_H",21,16,0,0,0,0
"Zone1_C","Zone4_G",21,17,0,0,0,0
"Zone1_C","Zone4_F",21,15,0,0,0,0
"Zone1_C","Zone4_E",21,22,0,0,0,0
"Zone1_C","Zone4_D",21,29,0,0,0,0
"Zone1_C","Zone4_C",21,20,0,0,0,0
"Zone1_C","Zone4_B",21,16,0,0,0,0
"Zone1_B","Zone1_A",10,18,0,0,0,0
"Zone1_B","Zone2_E",10,29,0,0,0,0
"Zone1_B","Zone2_D",10,9,0,0,0,0
"Zone1_B","Zone2_C",10,23,0,0,0,0
"Zone1_B","Zone2_B",10,11,0,0,0,0
"Zone1_B","Zone3_H",10,9,0,0,0,0
"Zone1_B","Zone3_G",10,23,0,0,0,0
"Zone1_B","Zone3_F",10,10,0,0,0,0
"Zone1_B","Zone3_E",10,14,0,0,0,0
"Zone1_B","Zone3_D",10,24,0,0,0,0
"Zone1_B","Zone3_C",10,16,0,0,0,0
"Zone1_B","Zone3_B",10,19,0,0,0,0
"Zone1_B","Zone3_A",10,31,0,0,0,0
"Zone1_B","Zone4_K",10,42,0,0,0,0
"Zone1_B","Zone4_J",10,22,0,0,0,0
"Zone1_B","Zone4_I",10,39,0,0,0,0
"Zone1_B","Zone4_H",10,16,0,0,0,0
"Zone1_B","Zone4_G",10,17,0,0,0,0
"Zone1_B","Zone4_F",10,15,0,0,0,0
"Zone1_B","Zone4_E",10,22,0,0,0,0
"Zone1_B","Zone4_D",10,29,0,0,0,0
"Zone1_B","Zone4_C",10,20,0,0,0,0
"Zone1_B","Zone4_B",10,16,0,0,0,0
"Zone1_B","Zone4_A",10,26,0,0,0,0
"Zone1_A","Zone2_E",18,29,0,0,0,0
"Zone1_A","Zone2_D",18,9,0,0,0,0
"Zone1_A","Zone2_C",18,23,0,0,0,0
"Zone1_A","Zone2_B",18,11,0,0,0,0
"Zone1_A","Zone3_H",18,9,0,0,0,0
"Zone1_A","Zone3_G",18,23,0,0,0,0
"Zone1_A","Zone3_F",18,10,0,0,0,0
"Zone1_A","Zone3_E",18,14,0,0,0,0
"Zone1_A","Zone3_D",18,24,0,0,0,0
"Zone1_A","Zone3_C",18,16,0,0,0,0
"Zone1_A","Zone3_B",18,19,0,0,0,0
"Zone1_A","Zone4_K",18,42,0,0,0,0
"Zone1_A","Zone4_J",18,22,0,0,0,0
"Zone1_A","Zone4_I",18,39,0,0,0,0
"Zone1_A","Zone4_H",18,16,0,0,0,0
"Zone1_A","Zone4_G",18,17,0,0,0,0
"Zone1_A","Zone4_F",18,15,0,0,0,0
"Zone1_A","Zone4_E",18,22,0,0,0,0
"Zone1_A","Zone4_D",18,29,0,0,0,0
"Zone1_A","Zone4_C",18,20,0,0,0,0
"Zone1_A","Zone4_B",18,16,0,0,0,0
"Zone2_E","Zone2_D",29,9,0,0,0,0
"Zone2_E","Zone2_C",29,23,0,0,0,0
"Zone2_E","Zone2_B",29,11,0,0,0,0
"Zone2_E","Zone2_A",29,31,0,0,0,0
"Zone2_E","Zone3_H",29,9,0,0,0,0
"Zone2_E","Zone3_G",29,23,0,0,0,0
"Zone2_E","Zone3_C",29,16,0,0,0,0
"Zone2_E","Zone3_B",29,19,0,0,0,0
"Zone2_E","Zone3_A",29,31,0,0,0,0
"Zone2_E","Zone4_K",29,42,0,0,0,0
"Zone2_E","Zone4_J",29,22,0,0,0,0
"Zone2_E","Zone4_H",29,16,0,0,0,0
"Zone2_E","Zone4_F",29,15,0,0,0,0
"Zone2_E","Zone4_E",29,22,0,0,0,0
"Zone2_E","Zone4_D",29,29,0,0,0,0
"Zone2_E","Zone4_C",29,20,0,0,0,0
"Zone2_E","Zone4_B",29,16,0,0,0,0
"Zone2_E","Zone4_A",29,26,0,0,0,0
"Zone2_D","Zone2_C",9,23,0,0,0,0
"Zone2_D","Zone2_B",9,11,0,0,0,0
"Zone2_D","Zone2_A",9,31,0,0,0,0
"Zone2_D","Zone3_H",9,9,0,0,0,0
"Zone2_D","Zone3_G",9,23,0,0,0,0
"Zone2_D","Zone3_E",9,14,0,0,0,0
"Zone2_D","Zone3_D",9,24,0,0,0,0
"Zone2_D","Zone3_C",9,16,0,0,0,0
"Zone2_D","Zone3_B",9,19,0,0,0,0
"Zone2_D","Zone3_A",9,31,0,0,0,0
"Zone2_D","Zone4_K",9,42,0,0,0,0
"Zone2_D","Zone4_J",9,22,0,0,0,0
"Zone2_D","Zone4_I",9,39,0,0,0,0
"Zone2_D","Zone4_H",9,16,0,0,0,0
"Zone2_D","Zone4_G",9,17,0,0,0,0
"Zone2_D","Zone4_F",9,15,0,0,0,0
"Zone2_D","Zone4_E",9,22,0,0,0,0
"Zone2_D","Zone4_D",9,29,0,0,0,0
"Zone2_D","Zone4_C",9,20,0,0,0,0
"Zone2_D","Zone4_B",9,16,0,0,0,0
"Zone2_D","Zone4_A",9,26,0,0,0,0
"Zone2_C","Zone2_B",23,11,0,0,0,0
"Zone2_C","Zone2_A",23,31,0,0,0,0
"Zone2_C","Zone3_H",23,9,0,0,0,0
"Zone2_C","Zone3_F",23,10,0,0,0,0
"Zone2_C","Zone3_E",23,14,0,0,0,0
"Zone2_C","Zone3_C",23,16,0,0,0,0
"Zone2_C","Zone4_J",23,22,0,0,0,0
"Zone2_C","Zone4_I",23,39,0,0,0,0
"Zone2_C","Zone4_E",23,22,0,0,0,0
"Zone2_C","Zone4_D",23,29,0,0,0,0
"Zone2_C","Zone4_C",23,20,0,0,0,0
"Zone2_C","Zone4_B",23,16,0,0,0,0
"Zone2_B","Zone2_A",11,31,0,0,0,0
"Zone2_B","Zone3_H",11,9,0,0,0,0
"Zone2_B","Zone3_G",11,23,0,0,0,0
"Zone2_B","Zone3_F",11,10,0,0,0,0
"Zone2_B","Zone3_E",11,14,0,0,0,0
"Zone2_B","Zone3_D",11,24,0,0,0,0
"Zone2_B","Zone3_C",11,16,0,0,0,0
"Zone2_B","Zone3_A",11,31,0,0,0,0
"Zone2_B","Zone4_K",11,42,0,0,0,0
"Zone2_B","Zone4_J",11,22,0,0,0,0
"Zone2_B","Zone4_I",11,39,0,0,0,0
"Zone2_B","Zone4_H",11,16,0,0,0,0
"Zone2_B","Zone4_G",11,17,0,0,0,0
"Zone2_B","Zone4_F",11,15,0,0,0,0
"Zone2_B","Zone4_E",11,22,0,0,0,0
"Zone2_B","Zone4_D",11,29,0,0,0,0
"Zone2_B","Zone4_C",11,20,0,0,0,0
"Zone2_B","Zone4_B",11,16,0,0,0,0
"Zone2_B","Zone4_A",11,26,0,0,0,0
"Zone2_A","Zone3_H",31,9,0,0,0,0
"Zone2_A","Zone3_G",31,23,0,0,0,0
"Zone2_A","Zone3_F",31,10,0,0,0,0
"Zone2_A","Zone3_E",31,14,0,0,0,0
"Zone2_A","Zone3_D",31,24,0,0,0,0
"Zone2_A","Zone3_C",31,16,0,0,0,0
"Zone2_A","Zone4_K",31,42,0,0,0,0
"Zone2_A","Zone4_J",31,22,0,0,0,0
"Zone2_A","Zone4_I",31,39,0,0,0,0
"Zone2_A","Zone4_H",31,16,0,0,0,0
"Zone2_A","Zone4_G",31,17,0,0,0,0
"Zone2_A","Zone4_F",31,15,0,0,0,0
"Zone2_A","Zone4_E",31,22,0,0,0,0
"Zone2_A","Zone4_C",31,20,0,0,0,0
"Zone2_A","Zone4_B",31,16,0,0,0,0
"Zone3_H","Zone3_G",9,23,0,0,0,0
"Zone3_H","Zone3_F",9,10,0,0,0,0
"Zone3_H","Zone3_E",9,14,0,0,0,0
"Zone3_H","Zone3_D",9,24,0,0,0,0
"Zone3_H","Zone3_C",9,16,0,0,0,0
"Zone3_H","Zone3_B",9,19,0,0,0,0
"Zone3_H","Zone3_A",9,31,0,0,0,0
"Zone3_H","Zone4_J",9,22,0,0,0,0
"Zone3_H","Zone4_I",9,39,0,0,0,0
"Zone3_H","Zone4_H",9,16,0,0,0,0
"Zone3_H","Zone4_G",9,17,0,0,0,0
"Zone3_H","Zone4_F",9,15,0,0,0,0
"Zone3_H","Zone4_C",9,20,0,0,0,0
"Zone3_H","Zone4_B",9,16,0,0,0,0
"Zone3_H","Zone4_A",9,26,0,0,0,0
"Zone3_G","Zone3_F",23,10,0,0,0,0
"Zone3_G","Zone3_E",23,14,0,0,0,0
"Zone3_G","Zone3_D",23,24,0,0,0,0
"Zone3_G","Zone3_C",23,16,0,0,0,0
"Zone3_G","Zone3_B",23,19,0,0,0,0
"Zone3_G","Zone3_A",23,31,0,0,0,0
"Zone3_G","Zone4_I",23,39,0,0,0,0
"Zone3_G","Zone4_H",23,16,0,0,0,0
"Zone3_G","Zone4_G",23,17,0,0,0,0
"Zone3_G","Zone4_F",23,15,0,0,0,0
"Zone3_G","Zone4_C",23,20,0,0,0,0
"Zone3_G","Zone4_B",23,16,0,0,0,0
"Zone3_G","Zone4_A",23,26,0,0,0,0
"Zone3_F","Zone3_E",10,14,0,0,0,0
"Zone3_F","Zone3_D",10,24,0,0,0,0
"Zone3_F","Zone3_C",10,16,0,0,0,0
"Zone3_F","Zone3_B",10,19,0,0,0,0
"Zone3_F","Zone3_A",10,31,0,0,0,0
"Zone3_F","Zone4_K",10,42,0,0,0,0
"Zone3_F","Zone4_J",10,22,0,0,0,0
"Zone3_F","Zone4_I",10,39,0,0,0,0
"Zone3_F","Zone4_H",10,16,0,0,0,0
"Zone3_F","Zone4_G",10,17,0,0,0,0
"Zone3_F","Zone4_F",10,15,0,0,0,0
"Zone3_F","Zone4_E",10,22,0,0,0,0
"Zone3_F","Zone4_D",10,29,0,0,0,0
"Zone3_F","Zone4_C",10,20,0,0,0,0
"Zone3_F","Zone4_B",10,16,0,0,0,0
"Zone3_F","Zone4_A",10,26,0,0,0,0
"Zone3_E","Zone3_D",14,24,0,0,0,0
"Zone3_E","Zone3_C",14,16,0,0,0,0
"Zone3_E","Zone3_B",14,19,0,0,0,0
"Zone3_E","Zone3_A",14,31,0,0,0,0
"Zone3_E","Zone4_K",14,42,0,0,0,0
"Zone3_E","Zone4_J",14,22,0,0,0,0
"Zone3_E","Zone4_I",14,39,0,0,0,0
"Zone3_E","Zone4_G",14,17,0,0,0,0
"Zone3_E","Zone4_F",14,15,0,0,0,0
"Zone3_E","Zone4_E",14,22,0,0,0,0
"Zone3_E","Zone4_D",14,29,0,0,0,0
"Zone3_E","Zone4_C",14,20,0,0,0,0
"Zone3_E","Zone4_B",14,16,0,0,0,0
"Zone3_E","Zone4_A",14,26,0,0,0,0
"Zone3_D","Zone3_C",24,16,0,0,0,0
"Zone3_D","Zone3_B",24,19,0,0,0,0
"Zone3_D","Zone3_A",24,31,0,0,0,0
"Zone3_D","Zone4_K",24,42,0,0,0,0
"Zone3_D","Zone4_J",24,22,0,0,0,0
"Zone3_D","Zone4_H",24,16,0,0,0,0
"Zone3_D","Zone4_E",24,22,0,0,0,0
"Zone3_D","Zone4_D",24,29,0,0,0,0
"Zone3_D","Zone4_C",24,20,0,0,0,0
"Zone3_D","Zone4_B",24,16,0,0,0,0
"Zone3_C","Zone3_B",16,19,0,0,0,0
"Zone3_C","Zone3_A",16,31,0,0,0,0
"Zone3_C","Zone4_K",16,42,0,0,0,0
"Zone3_C","Zone4_J",16,22,0,0,0,0
"Zone3_C","Zone4_H",16,16,0,0,0,0
"Zone3_C","Zone4_E",16,22,0,0,0,0
"Zone3_C","Zone4_D",16,29,0,0,0,0
"Zone3_C","Zone4_C",16,20,0,0,0,0
"Zone3_C","Zone4_B",16,16,0,0,0,0
"Zone3_C","Zone4_A",16,26,0,0,0,0
"Zone3_B","Zone3_A",19,31,0,0,0,0
"Zone3_B","Zone4_K",19,42,0,0,0,0
"Zone3_B","Zone4_J",19,22,0,0,0,0
"Zone3_B","Zone4_I",19,39,0,0,0,0
"Zone3_B","Zone4_G",19,17,0,0,0,0
"Zone3_B","Zone4_E",19,22,0,0,0,0
"Zone3_B","Zone4_D",19,29,0,0,0,0
"Zone3_B","Zone4_C",19,20,0,0,0,0
"Zone3_B","Zone4_B",19,16,0,0,0,0
"Zone3_A","Zone4_J",31,22,0,0,0,0
"Zone3_A","Zone4_G",31,17,0,0,0,0
"Zone3_A","Zone4_C",31,20,0,0,0,0
"Zone3_A","Zone4_B",31,16,0,0,0,0
"Zone4_K","Zone4_J",42,22,0,0,0,0
"Zone4_K","Zone4_I",42,39,0,0,0,0
"Zone4_K","Zone4_H",42,16,0,0,0,0
"Zone4_K","Zone4_G",42,17,0,0,0,0
"Zone4_K","Zone4_F",42,15,0,0,0,0
"Zone4_K","Zone4_E",42,22,0,0,0,0
"Zone4_K","Zone4_D",42,29,0,0,0,0
"Zone4_K","Zone4_C",42,20,0,0,0,0
"Zone4_K","Zone4_B",42,16,0,0,0,0
"Zone4_K","Zone4_A",42,26,0,0,0,0
"Zone4_J","Zone4_I",22,39,0,0,0,0
"Zone4_J","Zone4_H",22,16,0,0,0,0
"Zone4_J","Zone4_G",22,17,0,0,0,0
"Zone4_J","Zone4_F",22,15,0,0,0,0
"Zone4_J","Zone4_E",22,22,0,0,0,0
"Zone4_J","Zone4_D",22,29,0,0,0,0
"Zone4_J","Zone4_C",22,20,0,0,0,0
"Zone4_J","Zone4_B",22,16,0,0,0,0
"Zone4_J","Zone4_A",22,26,0,0,0,0
"Zone4_I","Zone4_H",39,16,0,0,0,0
"Zone4_I","Zone4_G",39,17,0,0,0,0
"Zone4_I","Zone4_F",39,15,0,0,0,0
"Zone4_I","Zone4_E",39,22,0,0,0,0
"Zone4_I","Zone4_D",39,29,0,0,0,0
"Zone4_I","Zone4_C",39,20,0,0,0,0
"Zone4_I","Zone4_B",39,16,0,0,0,0
"Zone4_I","Zone4_A",39,26,0,0,0,0
"Zone4_H","Zone4_G",16,17,0,0,0,0
"Zone4_H","Zone4_F",16,15,0,0,0,0
"Zone4_H","Zone4_E",16,22,0,0,0,0
"Zone4_H","Zone4_D",16,29,0,0,0,0
"Zone4_H","Zone4_C",16,20,0,0,0,0
"Zone4_H","Zone4_B",16,16,0,0,0,0
"Zone4_H","Zone4_A",16,26,0,0,0,0
"Zone4_G","Zone4_F",17,15,0,0,0,0
"Zone4_G","Zone4_E",17,22,0,0,0,0
"Zone4_G","Zone4_D",17,29,0,0,0,0
"Zone4_G","Zone4_C",17,20,0,0,0,0
"Zone4_G","Zone4_B",17,16,0,0,0,0
"Zone4_G","Zone4_A",17,26,0,0,0,0
"Zone4_F","Zone4_E",15,22,0,0,0,0
"Zone4_F","Zone4_D",15,29,0,0,0,0
"Zone4_F","Zone4_C",15,20,0,0,0,0
"Zone4_F","Zone4_B",15,16,0,0,0,0
"Zone4_F","Zone4_A",15,26,0,0,0,0
"Zone4_E","Zone4_D",22,29,0,0,0,0
"Zone4_E","Zone4_C",22,20,0,0,0,0
"Zone4_E","Zone4_B",22,16,0,0,0,0
"Zone4_E","Zone4_A",22,26,0,0,0,0
"Zone4_D","Zone4_C",29,20,0,0,0,0
"Zone4_D","Zone4_B",29,16,0,0,0,0
"Zone4_D","Zone4_A",29,26,0,0,0,0
"Zone4_C","Zone4_B",20,16,0,0,0,0
"Zone4_C","Zone4_A",20,26,0,0,0,0
"Zone4_B","Zone4_A",16,26,0,0,0,0
