"species","colour","cluster","cluster_int","cluster_name"
"Mya.arenaria","#00AD9A","D",4,"Zone1_D"
"Cerastoderma.glaucum","#00AD9A","D",4,"Zone1_D"
"Hediste.diversicolor","#00AD9A","D",4,"Zone1_D"
"Gammarus.oceanicus","#00AD9A","D",4,"Zone1_D"
"Theodoxus.fluviatilis","#00AD9A","D",4,"Zone1_D"
"Ecrobia.ventrosa","#00AD9A","D",4,"Zone1_D"
"Peringia.ulvae","#00AD9A","D",4,"Zone1_D"
"Neomysis.integer","#00AD9A","D",4,"Zone1_D"
"Pygospio.elegans","#00AD9A","D",4,"Zone1_D"
"Battersia.arctica","#00AD9A","D",4,"Zone1_D"
"Limecola.balthica","#00AD9A","D",4,"Zone1_D"
"Marenzelleria","#00AD9A","D",4,"Zone1_D"
"Corophium.volutator","#00AD9A","D",4,"Zone1_D"
"Cyanophthalma.obscura","#00AD9A","D",4,"Zone1_D"
"Gammarus.zaddachi","#00AD9A","D",4,"Zone1_D"
"Bathyporeia.pilosa","#00AD9A","D",4,"Zone1_D"
"Amphibalanus.improvisus","#00AD9A","D",4,"Zone1_D"
"Gammarus.salinus","#00AD9A","D",4,"Zone1_D"
"Jaera.albifrons","#00AD9A","D",4,"Zone1_D"
"Zannichellia.major","#00AD9A","D",4,"Zone1_D"
"Chorda.filum","#00AD9A","D",4,"Zone1_D"
"Eudesme.virescens","#00AD9A","D",4,"Zone1_D"
"Fucus.vesiculosus.radicans","#00AD9A","D",4,"Zone1_D"
"Stictyosiphon.tortilis","#00AD9A","D",4,"Zone1_D"
"Dictyosiphon.foeniculaceus","#00AD9A","D",4,"Zone1_D"
"Elachista.fucicola","#00AD9A","D",4,"Zone1_D"
"Rhodochorton.purpureum","#00AD9A","D",4,"Zone1_D"
"Cladophora.rupestris","#00AD9A","D",4,"Zone1_D"
"Vertebrata.fucoides","#00AD9A","D",4,"Zone1_D"
"Ceramium.tenuicorne","#00AD9A","D",4,"Zone1_D"
"Ectocarpus.Pylaiella","#00AD9A","D",4,"Zone1_D"
"Coccotylus.Phyllophora","#00AD9A","D",4,"Zone1_D"
"Furcellaria.lumbricalis","#00AD9A","D",4,"Zone1_D"
"Gaillona.rosea","#00AD9A","D",4,"Zone1_D"
"Einhornia.crustulenta","#00AD9A","D",4,"Zone1_D"
"Ampithoe.rubricata","#00AD9A","D",4,"Zone1_D"
"Mytilus","#00AD9A","D",4,"Zone1_D"
"Alisma.wahlenbergii","#909800","C",3,"Zone1_C"
"Eleocharis.mamillata","#909800","C",3,"Zone1_C"
"Cicuta.virosa","#909800","C",3,"Zone1_C"
"Eleocharis.parvula","#909800","C",3,"Zone1_C"
"Chara.virgata","#909800","C",3,"Zone1_C"
"Potamogeton.berchtoldii","#909800","C",3,"Zone1_C"
"Equisetum.fluviatile","#909800","C",3,"Zone1_C"
"Potamogeton.friesii","#909800","C",3,"Zone1_C"
"Callitriche.palustris","#909800","C",3,"Zone1_C"
"Elatine.hydropiper","#909800","C",3,"Zone1_C"
"Caltha.palustris","#909800","C",3,"Zone1_C"
"Ranunculus.reptans","#909800","C",3,"Zone1_C"
"Potamogeton.gramineus","#909800","C",3,"Zone1_C"
"Callitriche.hermaphroditica","#909800","C",3,"Zone1_C"
"Myriophyllum.alterniflorum","#909800","C",3,"Zone1_C"
"Eleocharis.uniglumis","#909800","C",3,"Zone1_C"
"Eleocharis.palustris","#909800","C",3,"Zone1_C"
"Limosella.aquatica","#909800","C",3,"Zone1_C"
"Potamogeton.pusillus","#909800","C",3,"Zone1_C"
"Eleocharis.acicularis","#909800","C",3,"Zone1_C"
"Subularia.aquatica","#909800","C",3,"Zone1_C"
"Potamogeton.obtusifolius","#9183E6","B",2,"Zone1_B"
"Typha.angustifolia","#9183E6","B",2,"Zone1_B"
"Nuphar.lutea","#9183E6","B",2,"Zone1_B"
"Nymphaea.alba","#9183E6","B",2,"Zone1_B"
"Potamogeton.natans","#9183E6","B",2,"Zone1_B"
"Schoenoplectus.lacustris","#9183E6","B",2,"Zone1_B"
"Myriophyllum.verticillatum","#9183E6","B",2,"Zone1_B"
"Typha.latifolia","#9183E6","B",2,"Zone1_B"
"Ranunculus.peltatus.peltatus","#9183E6","B",2,"Zone1_B"
"Hippuris.vulgaris","#9183E6","B",2,"Zone1_B"
"Schoenoplectus.tabernaemontani","#9183E6","B",2,"Zone1_B"
"Lemna.trisulca","#9183E6","B",2,"Zone1_B"
"Myriophyllum.sibiricum","#9183E6","B",2,"Zone1_B"
"Chara.tomentosa","#9183E6","B",2,"Zone1_B"
"Najas.marina","#9183E6","B",2,"Zone1_B"
"Bolboschoenus.maritimus","#9183E6","B",2,"Zone1_B"
"Ceratophyllum.demersum","#9183E6","B",2,"Zone1_B"
"Phragmites.australis","#9183E6","B",2,"Zone1_B"
"Dreissena.polymorpha","#E16A86","A",1,"Zone1_A"
"Chaetomorpha.linum","#E16A86","A",1,"Zone1_A"
"Ruppia.cirrhosa","#E16A86","A",1,"Zone1_A"
"Butomus.umbellatus","#E16A86","A",1,"Zone1_A"
"Zostera.marina","#E16A86","A",1,"Zone1_A"
"Ceramium.diaphanum","#E16A86","A",1,"Zone1_A"
"Potamogeton.crispus","#E16A86","A",1,"Zone1_A"
"Ulva.prolifera","#E16A86","A",1,"Zone1_A"
"Urospora.penicilliformis","#E16A86","A",1,"Zone1_A"
"Leathesia.marina","#E16A86","A",1,"Zone1_A"
"Chara.connivens","#E16A86","A",1,"Zone1_A"
"Rhizoclonium.riparium","#E16A86","A",1,"Zone1_A"
"Ruppia.maritima","#E16A86","A",1,"Zone1_A"
"Chara.baltica","#E16A86","A",1,"Zone1_A"
"Chara.canescens","#E16A86","A",1,"Zone1_A"
"Gammarus.tigrinus","#E16A86","A",1,"Zone1_A"
"Myriophyllum.spicatum","#E16A86","A",1,"Zone1_A"
"Stuckenia.pectinata","#E16A86","A",1,"Zone1_A"
"Mysis.relicta","#E16A86","A",1,"Zone1_A"
"Monoporeia.affinis","#E16A86","A",1,"Zone1_A"
"Saduria.entomon","#E16A86","A",1,"Zone1_A"
"Mysis.mixta","#E16A86","A",1,"Zone1_A"
"Corophium.multisetosum","#E16A86","A",1,"Zone1_A"
"Halicryptus.spinulosus","#E16A86","A",1,"Zone1_A"
"Pontoporeia.femorata","#E16A86","A",1,"Zone1_A"
"Potamogeton.perfoliatus","#E16A86","A",1,"Zone1_A"
"Vaucheria","#E16A86","A",1,"Zone1_A"
"Chara.aspera","#E16A86","A",1,"Zone1_A"
"Zannichellia.palustris","#E16A86","A",1,"Zone1_A"
"Aegagropila.linnaei","#E16A86","A",1,"Zone1_A"
"Rangia.cuneata","#E16A86","A",1,"Zone1_A"
"Fontinalis.antipyretica","#E16A86","A",1,"Zone1_A"
"Nitella.flexilis","#E16A86","A",1,"Zone1_A"
"Fontinalis.dalecarlica","#E16A86","A",1,"Zone1_A"
"Fissidens.fontanus","#E16A86","A",1,"Zone1_A"
"Ulothrix.zonata","#E16A86","A",1,"Zone1_A"
"Pisione.remota","#E16A86","A",1,"Zone1_A"
"Zygnema","#E16A86","A",1,"Zone1_A"
"Crassula.aquatica","#E16A86","A",1,"Zone1_A"
"Persicaria.foliosa","#E16A86","A",1,"Zone1_A"
"Elodea.canadensis","#E16A86","A",1,"Zone1_A"
"Utricularia.vulgaris","#E16A86","A",1,"Zone1_A"
"Sagittaria.natans","#E16A86","A",1,"Zone1_A"
"Elodea.nuttallii","#E16A86","A",1,"Zone1_A"
"Chara.braunii","#E16A86","A",1,"Zone1_A"
"Nitella.wahlbergiana","#E16A86","A",1,"Zone1_A"
"Ascidiella.aspersa","#E16A86","A",1,"Zone1_A"
"Ericthonius.brasiliensis","#E16A86","A",1,"Zone1_A"
"Sagittaria.sagittifolia","#E16A86","A",1,"Zone1_A"
"Sparganium.emersum","#E16A86","A",1,"Zone1_A"
"Juncus.gerardii","#E16A86","A",1,"Zone1_A"
"Triglochin.maritima","#E16A86","A",1,"Zone1_A"
"Potamogeton.praelongus","#E16A86","A",1,"Zone1_A"
"Stuckenia.vaginata","#E16A86","A",1,"Zone1_A"
"Fontinalis.hypnoides","#E16A86","A",1,"Zone1_A"
"Hippuris.tetraphylla","#E16A86","A",1,"Zone1_A"
"Cerastoderma.edule","#E16A86","A",1,"Zone1_A"
"Spongomorpha.aeruginosa","#E16A86","A",1,"Zone1_A"
"Microphthalmus.sczelkowii","#E16A86","A",1,"Zone1_A"
"Batrachospermum","#E16A86","A",1,"Zone1_A"
"Chara.horrida","#E16A86","A",1,"Zone1_A"
"Nitellopsis.obtusa","#E16A86","A",1,"Zone1_A"
"Ranunculus.aquatilis","#E16A86","A",1,"Zone1_A"
"Lemna.minor","#E16A86","A",1,"Zone1_A"
"Monostroma.balticum","#E16A86","A",1,"Zone1_A"
"Rhodochorton.purpureum","#E16A86","B",2,"Zone2_B"
"Eudesme.virescens","#E16A86","B",2,"Zone2_B"
"Gaillona.rosea","#E16A86","B",2,"Zone2_B"
"Dictyosiphon.foeniculaceus","#E16A86","B",2,"Zone2_B"
"Ecrobia.ventrosa","#E16A86","B",2,"Zone2_B"
"Gammarus.oceanicus","#E16A86","B",2,"Zone2_B"
"Theodoxus.fluviatilis","#E16A86","B",2,"Zone2_B"
"Cyanophthalma.obscura","#E16A86","B",2,"Zone2_B"
"Neomysis.integer","#E16A86","B",2,"Zone2_B"
"Gammarus.tigrinus","#E16A86","B",2,"Zone2_B"
"Cladophora.rupestris","#E16A86","B",2,"Zone2_B"
"Elachista.fucicola","#E16A86","B",2,"Zone2_B"
"Bathyporeia.pilosa","#E16A86","B",2,"Zone2_B"
"Gammarus.salinus","#E16A86","B",2,"Zone2_B"
"Jaera.albifrons","#E16A86","B",2,"Zone2_B"
"Peringia.ulvae","#E16A86","B",2,"Zone2_B"
"Amphibalanus.improvisus","#E16A86","B",2,"Zone2_B"
"Cerastoderma.glaucum","#E16A86","B",2,"Zone2_B"
"Mya.arenaria","#E16A86","B",2,"Zone2_B"
"Corophium.volutator","#E16A86","B",2,"Zone2_B"
"Hediste.diversicolor","#E16A86","B",2,"Zone2_B"
"Vertebrata.fucoides","#E16A86","B",2,"Zone2_B"
"Ceramium.tenuicorne","#E16A86","B",2,"Zone2_B"
"Ectocarpus.Pylaiella","#E16A86","B",2,"Zone2_B"
"Furcellaria.lumbricalis","#E16A86","B",2,"Zone2_B"
"Gammarus.zaddachi","#E16A86","B",2,"Zone2_B"
"Diastylis.rathkei","#E16A86","B",2,"Zone2_B"
"Rhodomela.confervoides","#E16A86","B",2,"Zone2_B"
"Corophium.multisetosum","#E16A86","B",2,"Zone2_B"
"Einhornia.crustulenta","#E16A86","B",2,"Zone2_B"
"Marenzelleria","#E16A86","B",2,"Zone2_B"
"Bylgides.sarsi","#E16A86","B",2,"Zone2_B"
"Halicryptus.spinulosus","#E16A86","B",2,"Zone2_B"
"Battersia.arctica","#E16A86","B",2,"Zone2_B"
"Ampithoe.rubricata","#E16A86","B",2,"Zone2_B"
"Limecola.balthica","#E16A86","B",2,"Zone2_B"
"Pygospio.elegans","#E16A86","B",2,"Zone2_B"
"Coccotylus.Phyllophora","#E16A86","B",2,"Zone2_B"
"Mytilus","#E16A86","B",2,"Zone2_B"
"Leathesia.marina","#00AD9A","A",1,"Zone2_A"
"Chara.canescens","#00AD9A","A",1,"Zone2_A"
"Ruppia.maritima","#00AD9A","A",1,"Zone2_A"
"Chara.baltica","#00AD9A","A",1,"Zone2_A"
"Myriophyllum.spicatum","#00AD9A","A",1,"Zone2_A"
"Ruppia.cirrhosa","#00AD9A","A",1,"Zone2_A"
"Stuckenia.pectinata","#00AD9A","A",1,"Zone2_A"
"Zannichellia.palustris","#00AD9A","A",1,"Zone2_A"
"Bolboschoenus.maritimus","#00AD9A","A",1,"Zone2_A"
"Lemna.minor","#00AD9A","A",1,"Zone2_A"
"Juncus.gerardii","#00AD9A","A",1,"Zone2_A"
"Triglochin.maritima","#00AD9A","A",1,"Zone2_A"
"Stictyosiphon.tortilis","#00AD9A","A",1,"Zone2_A"
"Monostroma.balticum","#00AD9A","A",1,"Zone2_A"
"Potamogeton.perfoliatus","#00AD9A","A",1,"Zone2_A"
"Zannichellia.major","#00AD9A","A",1,"Zone2_A"
"Chorda.filum","#00AD9A","A",1,"Zone2_A"
"Fucus.vesiculosus.radicans","#00AD9A","A",1,"Zone2_A"
"Mysis.mixta","#00AD9A","A",1,"Zone2_A"
"Mysis.relicta","#00AD9A","A",1,"Zone2_A"
"Pontoporeia.femorata","#00AD9A","A",1,"Zone2_A"
"Monoporeia.affinis","#00AD9A","A",1,"Zone2_A"
"Saduria.entomon","#00AD9A","A",1,"Zone2_A"
"Fabricia.stellaris","#00AD9A","A",1,"Zone2_A"
"Streblospio.shrubsolii","#00AD9A","A",1,"Zone2_A"
"Ceramium.diaphanum","#00AD9A","A",1,"Zone2_A"
"Aglaothamnion.tenuissimum","#00AD9A","A",1,"Zone2_A"
"Desmarestia.viridis","#00AD9A","A",1,"Zone2_A"
"Rangia.cuneata","#00AD9A","A",1,"Zone2_A"
"Baltidrilus.costatus","#00AD9A","A",1,"Zone2_A"
"Cladophora.sericea","#00AD9A","A",1,"Zone2_A"
"Polyides.rotunda","#00AD9A","A",1,"Zone2_A"
"Chaetomorpha.linum","#00AD9A","A",1,"Zone2_A"
"Zostera.marina","#00AD9A","A",1,"Zone2_A"
"Heterotanais.oerstedii","#00AD9A","A",1,"Zone2_A"
"Scytosiphon.lomentaria","#00AD9A","A",1,"Zone2_A"
"Ulva.prolifera","#00AD9A","A",1,"Zone2_A"
"Urospora.penicilliformis","#00AD9A","A",1,"Zone2_A"
"Chara.connivens","#00AD9A","A",1,"Zone2_A"
"Rhizoclonium.riparium","#00AD9A","A",1,"Zone2_A"
"Chara.aspera","#00AD9A","A",1,"Zone2_A"
"Ranunculus.peltatus.peltatus","#00AD9A","A",1,"Zone2_A"
"Eleocharis.uniglumis","#00AD9A","A",1,"Zone2_A"
"Eleocharis.parvula","#00AD9A","A",1,"Zone2_A"
"Schoenoplectus.tabernaemontani","#00AD9A","A",1,"Zone2_A"
"Chara.tomentosa","#00AD9A","A",1,"Zone2_A"
"Najas.marina","#00AD9A","A",1,"Zone2_A"
"Chara.horrida","#00AD9A","A",1,"Zone2_A"
"Ceratophyllum.demersum","#00AD9A","A",1,"Zone2_A"
"Schoenoplectus.lacustris","#00AD9A","A",1,"Zone2_A"
"Apherusa.bispinosa","#00AD9A","A",1,"Zone2_A"
"Ascidiella.aspersa","#00AD9A","A",1,"Zone2_A"
"Cerastoderma.edule","#00AD9A","A",1,"Zone2_A"
"Lamprops.fasciatus","#00AD9A","A",1,"Zone2_A"
"Potamogeton.obtusifolius","#00AD9A","A",1,"Zone2_A"
"Ulva.linza","#00AD9A","A",1,"Zone2_A"
"Ericthonius.brasiliensis","#00AD9A","A",1,"Zone2_A"
"Spio.arndti","#00AD9A","A",1,"Zone2_A"
"Ampharete.acutifrons","#00AD9A","A",1,"Zone2_A"
"Micrura.baltica","#00AD9A","A",1,"Zone2_A"
"Leathesia.marina","#50A315","C",3,"Zone3_C"
"Neomysis.integer","#50A315","C",3,"Zone3_C"
"Dictyosiphon.foeniculaceus","#50A315","C",3,"Zone3_C"
"Ecrobia.ventrosa","#50A315","C",3,"Zone3_C"
"Elachista.fucicola","#50A315","C",3,"Zone3_C"
"Cladophora.sericea","#50A315","C",3,"Zone3_C"
"Dumontia.contorta","#50A315","C",3,"Zone3_C"
"Ceramium.virgatum","#50A315","C",3,"Zone3_C"
"Ceramium.tenuicorne","#50A315","C",3,"Zone3_C"
"Ectocarpus.Pylaiella","#50A315","C",3,"Zone3_C"
"Cyanophthalma.obscura","#50A315","C",3,"Zone3_C"
"Furcellaria.lumbricalis","#50A315","C",3,"Zone3_C"
"Heterotanais.oerstedii","#50A315","C",3,"Zone3_C"
"Polydora.cornuta","#50A315","C",3,"Zone3_C"
"Chara.baltica","#50A315","C",3,"Zone3_C"
"Ruppia.maritima","#50A315","C",3,"Zone3_C"
"Ulva.lactuca","#50A315","C",3,"Zone3_C"
"Polysiphonia.stricta","#50A315","C",3,"Zone3_C"
"Tubificoides.pseudogaster","#50A315","C",3,"Zone3_C"
"Arenicola.marina","#50A315","C",3,"Zone3_C"
"Heteromastus.filiformis","#50A315","C",3,"Zone3_C"
"Ahnfeltia.plicata","#50A315","C",3,"Zone3_C"
"Callithamnion.corymbosum","#50A315","C",3,"Zone3_C"
"Scytosiphon.lomentaria","#50A315","C",3,"Zone3_C"
"Chaetomorpha.linum","#50A315","C",3,"Zone3_C"
"Ruppia.cirrhosa","#50A315","C",3,"Zone3_C"
"Zostera.marina","#50A315","C",3,"Zone3_C"
"Callopora.lineata","#009ADE","B",2,"Zone3_B"
"Scoloplos.armiger","#009ADE","B",2,"Zone3_B"
"Delesseria.sanguinea","#009ADE","B",2,"Zone3_B"
"Fabricia.stellaris","#009ADE","B",2,"Zone3_B"
"Aglaothamnion.tenuissimum","#009ADE","B",2,"Zone3_B"
"Ampithoe.rubricata","#009ADE","B",2,"Zone3_B"
"Cerastoderma.glaucum","#009ADE","B",2,"Zone3_B"
"Hediste.diversicolor","#009ADE","B",2,"Zone3_B"
"Mya.arenaria","#009ADE","B",2,"Zone3_B"
"Peringia.ulvae","#009ADE","B",2,"Zone3_B"
"Jaera.albifrons","#009ADE","B",2,"Zone3_B"
"Bathyporeia.pilosa","#009ADE","B",2,"Zone3_B"
"Amphibalanus.improvisus","#009ADE","B",2,"Zone3_B"
"Corophium.volutator","#009ADE","B",2,"Zone3_B"
"Gammarus.salinus","#009ADE","B",2,"Zone3_B"
"Ceramium.diaphanum","#009ADE","B",2,"Zone3_B"
"Desmarestia.viridis","#009ADE","B",2,"Zone3_B"
"Mytilus","#009ADE","B",2,"Zone3_B"
"Coccotylus.Phyllophora","#009ADE","B",2,"Zone3_B"
"Einhornia.crustulenta","#009ADE","B",2,"Zone3_B"
"Rhodomela.confervoides","#009ADE","B",2,"Zone3_B"
"Polyides.rotunda","#009ADE","B",2,"Zone3_B"
"Streblospio.shrubsolii","#009ADE","B",2,"Zone3_B"
"Vertebrata.fucoides","#009ADE","B",2,"Zone3_B"
"Gammarus.zaddachi","#009ADE","B",2,"Zone3_B"
"Alitta.succinea","#009ADE","B",2,"Zone3_B"
"Tubificoides.benedii","#009ADE","B",2,"Zone3_B"
"Baltidrilus.costatus","#009ADE","B",2,"Zone3_B"
"Gammarus.tigrinus","#009ADE","B",2,"Zone3_B"
"Marenzelleria","#E16A86","A",1,"Zone3_A"
"Limecola.balthica","#E16A86","A",1,"Zone3_A"
"Pygospio.elegans","#E16A86","A",1,"Zone3_A"
"Diastylis.rathkei","#E16A86","A",1,"Zone3_A"
"Bylgides.sarsi","#E16A86","A",1,"Zone3_A"
"Halicryptus.spinulosus","#E16A86","A",1,"Zone3_A"
"Pontoporeia.femorata","#E16A86","A",1,"Zone3_A"
"Saduria.entomon","#E16A86","A",1,"Zone3_A"
"Ampharete.acutifrons","#E16A86","A",1,"Zone3_A"
"Micrura.baltica","#E16A86","A",1,"Zone3_A"
"Terebellides.stroemii","#E16A86","A",1,"Zone3_A"
"Ampharete.baltica","#E16A86","A",1,"Zone3_A"
"Mya.truncata","#E16A86","A",1,"Zone3_A"
"Astarte.elliptica","#E16A86","A",1,"Zone3_A"
"Lagis.koreni","#E16A86","A",1,"Zone3_A"
"Aricidea.cerrutii","#E16A86","A",1,"Zone3_A"
"Priapulus.caudatus","#E16A86","A",1,"Zone3_A"
"Diastyloides.biplicatus","#E16A86","A",1,"Zone3_A"
"Opercularella.lacerata","#E16A86","A",1,"Zone3_A"
"Flustra.foliacea","#E16A86","A",1,"Zone3_A"
"Metridium.senile","#E16A86","A",1,"Zone3_A"
"Juncus.gerardii","#E16A86","A",1,"Zone3_A"
"Triglochin.maritima","#E16A86","A",1,"Zone3_A"
"Corophium.multisetosum","#E16A86","A",1,"Zone3_A"
"Monoporeia.affinis","#E16A86","A",1,"Zone3_A"
"Alkmaria.romijni","#E16A86","A",1,"Zone3_A"
"Apherusa.bispinosa","#E16A86","A",1,"Zone3_A"
"Ulva.prolifera","#E16A86","A",1,"Zone3_A"
"Sphaerodorum.gracilis","#E16A86","K",11,"Zone4_K"
"Brada.villosa","#E16A86","K",11,"Zone4_K"
"Virgularia.mirabilis","#E16A86","K",11,"Zone4_K"
"Acanthocardia.echinata","#E16A86","K",11,"Zone4_K"
"Labidoplax.buskii","#E16A86","K",11,"Zone4_K"
"Polyphysia.crassa","#E16A86","K",11,"Zone4_K"
"Polycirrus.plumosus","#E16A86","K",11,"Zone4_K"
"Rhodine.loveni","#E16A86","K",11,"Zone4_K"
"Eudorella.emarginata","#E16A86","K",11,"Zone4_K"
"Prionospio.multibranchiat","#E16A86","K",11,"Zone4_K"
"Brissopsis.lyrifera","#E16A86","K",11,"Zone4_K"
"Tellimya.tenella","#E16A86","K",11,"Zone4_K"
"Magelona.minuta","#E16A86","K",11,"Zone4_K"
"Anobothrus.gracilis","#E16A86","K",11,"Zone4_K"
"Pectinaria.belgica","#E16A86","K",11,"Zone4_K"
"Edwardsia.longicornis","#00AD7F","J",10,"Zone4_J"
"Mysia.undata","#00AD7F","J",10,"Zone4_J"
"Magelona.alleni","#00AD7F","J",10,"Zone4_J"
"Pholoe.baltica","#00AD7F","J",10,"Zone4_J"
"Chaetozone.setosa","#00AD7F","J",10,"Zone4_J"
"Goniada.maculata","#00AD7F","J",10,"Zone4_J"
"Scalibregma.inflatum","#00AD7F","J",10,"Zone4_J"
"Tharyx.killariensis","#00AD7F","J",10,"Zone4_J"
"Phoronis.muelleri","#00AD7F","J",10,"Zone4_J"
"Galathowenia.oculata","#00AD7F","J",10,"Zone4_J"
"Prionospio.fallax","#00AD7F","J",10,"Zone4_J"
"Phyllodoce.rosea","#00AD7F","J",10,"Zone4_J"
"Amphiura.filiformis","#00AD7F","J",10,"Zone4_J"
"Eumida.bahusiensis","#00AD7F","J",10,"Zone4_J"
"Glycera.alba","#00AD7F","J",10,"Zone4_J"
"Nucula.nitidosa","#00AD7F","J",10,"Zone4_J"
"Thyasira.flexuosa","#00AD7F","J",10,"Zone4_J"
"Abyssoninoe.hibernica","#00AD7F","J",10,"Zone4_J"
"Oxydromus.flexuosus","#00AD7F","J",10,"Zone4_J"
"Glycera.unicornis","#00AD7F","J",10,"Zone4_J"
"Abra.nitida","#00AD7F","J",10,"Zone4_J"
"Ennucula.tenuis","#00AD7F","J",10,"Zone4_J"
"Chalinula.limbata","#00AD7F","J",10,"Zone4_J"
"Eudorella.truncatula","#00AD7F","J",10,"Zone4_J"
"Levinsenia.gracilis","#00AD7F","J",10,"Zone4_J"
"Paradoneis.eliasoni","#00AD7F","J",10,"Zone4_J"
"Praxillella.praetermissa","#00AD7F","J",10,"Zone4_J"
"Rhodine.gracilior","#00AD7F","J",10,"Zone4_J"
"Chaetoderma.nitidulum","#00AD7F","J",10,"Zone4_J"
"Maldane.sarsi","#00AD7F","J",10,"Zone4_J"
"Diastyloides.biplicatus","#00AD7F","J",10,"Zone4_J"
"Parvicardium.minimum","#00AD7F","J",10,"Zone4_J"
"Harpinia.antennaria","#00AD7F","J",10,"Zone4_J"
"Ampelisca.diadema","#00AD7F","J",10,"Zone4_J"
"Praxillella.affinis","#00AD7F","J",10,"Zone4_J"
"Trichobranchus.roseus","#00AD7F","J",10,"Zone4_J"
"Westwoodilla.caecula","#00AD7F","J",10,"Zone4_J"
"Glycinde.nordmanni","#00AD7F","J",10,"Zone4_J"
"Golfingia.vulgaris","#00AD7F","J",10,"Zone4_J"
"Diastylis.laevis","#00AD7F","J",10,"Zone4_J"
"Dosinia.exoleta","#00AD7F","J",10,"Zone4_J"
"Notomastus.latericeus","#00AD7F","J",10,"Zone4_J"
"Cylichna.cylindracea","#00AD7F","J",10,"Zone4_J"
"Turritella.communis","#00AD7F","J",10,"Zone4_J"
"Owenia.fusiformis","#00AD7F","J",10,"Zone4_J"
"Polycirrus.norvegicus","#00AD7F","J",10,"Zone4_J"
"Odonthalia.dentata","#20A73C","I",9,"Zone4_I"
"Palmaria.palmata","#20A73C","I",9,"Zone4_I"
"Laminaria.digitata","#20A73C","I",9,"Zone4_I"
"Saccharina.latissima","#20A73C","I",9,"Zone4_I"
"Leathesia.marina","#20A73C","I",9,"Zone4_I"
"Phycodrys.rubens","#20A73C","I",9,"Zone4_I"
"Sphacelaria.cirrosa","#20A73C","I",9,"Zone4_I"
"Desmarestia.viridis","#20A73C","I",9,"Zone4_I"
"Rhodomela.confervoides","#20A73C","I",9,"Zone4_I"
"Eteone.longa","#20A73C","I",9,"Zone4_I"
"Nephtys.caeca","#20A73C","I",9,"Zone4_I"
"Aglaothamnion.tenuissimum","#20A73C","I",9,"Zone4_I"
"Polysiphonia.stricta","#20A73C","I",9,"Zone4_I"
"Coccotylus.Phyllophora","#20A73C","I",9,"Zone4_I"
"Delesseria.sanguinea","#20A73C","I",9,"Zone4_I"
"Polyides.rotunda","#20A73C","I",9,"Zone4_I"
"Fucus.serratus","#20A73C","I",9,"Zone4_I"
"Callithamnion.corymbosum","#20A73C","I",9,"Zone4_I"
"Dasya.baillouviana","#20A73C","I",9,"Zone4_I"
"Ulva.lactuca","#20A73C","I",9,"Zone4_I"
"Bryopsis.hypnoides","#20A73C","I",9,"Zone4_I"
"Chaetomorpha.melagonium","#20A73C","I",9,"Zone4_I"
"Chondrus.crispus","#20A73C","I",9,"Zone4_I"
"Cystoclonium.purpureum","#20A73C","I",9,"Zone4_I"
"Membranoptera.alata","#20A73C","I",9,"Zone4_I"
"Ahnfeltia.plicata","#20A73C","I",9,"Zone4_I"
"Ceramium.virgatum","#20A73C","I",9,"Zone4_I"
"Cladophora.rupestris","#20A73C","I",9,"Zone4_I"
"Bryopsis.plumosa","#20A73C","I",9,"Zone4_I"
"Sphaerotrichia.divaricata","#20A73C","I",9,"Zone4_I"
"Elachista.fucicola","#20A73C","I",9,"Zone4_I"
"Furcellaria.lumbricalis","#20A73C","I",9,"Zone4_I"
"Erythrotrichia.carnea","#C071DC","H",8,"Zone4_H"
"Sphaceloderma.caespitulum","#C071DC","H",8,"Zone4_H"
"Colaconema.nemalionis","#C071DC","H",8,"Zone4_H"
"Rhodochorton.purpureum","#C071DC","H",8,"Zone4_H"
"Polycirrus.medusa","#C071DC","H",8,"Zone4_H"
"Tubulanus.polymorphus","#C071DC","H",8,"Zone4_H"
"Echinocyamus.pusillus","#C071DC","H",8,"Zone4_H"
"Eucratea.loricata","#C071DC","H",8,"Zone4_H"
"Filellum.serpens","#C071DC","H",8,"Zone4_H"
"Poecilochaetus.serpens","#C071DC","H",8,"Zone4_H"
"Thracia.phaseolina","#C071DC","H",8,"Zone4_H"
"Perioculodes.longimanus","#C071DC","H",8,"Zone4_H"
"Echinocardium.cordatum","#C071DC","H",8,"Zone4_H"
"Tellimya.ferruginosa","#C071DC","H",8,"Zone4_H"
"Ampelisca.brevicornis","#C071DC","H",8,"Zone4_H"
"Chamelea.gallina","#C071DC","H",8,"Zone4_H"
"Gattyana.cirrhosa","#C071DC","H",8,"Zone4_H"
"Cruoria.pellita","#C071DC","H",8,"Zone4_H"
"Lithothamnion.glaciale","#C071DC","H",8,"Zone4_H"
"Scagelothamnion.pusillum","#C071DC","H",8,"Zone4_H"
"Plagiospora.gracilis","#C071DC","H",8,"Zone4_H"
"Rubrointrusa.membranacea","#C071DC","H",8,"Zone4_H"
"Peyssonnelia.dubyi","#C071DC","H",8,"Zone4_H"
"Colaconema.daviesii","#C071DC","H",8,"Zone4_H"
"Colaconema.pectinatum","#C071DC","H",8,"Zone4_H"
"Phyllophora.crispa","#D17B44","G",7,"Zone4_G"
"Ascidiella.aspersa","#D17B44","G",7,"Zone4_G"
"Erythrodermis.traillii","#D17B44","G",7,"Zone4_G"
"Upogebia.deltaura","#D17B44","G",7,"Zone4_G"
"Bonnemaisonia.asparagoides","#D17B44","G",7,"Zone4_G"
"Rhodophyllis.divaricata","#D17B44","G",7,"Zone4_G"
"Callithamnion.tetragonum","#D17B44","G",7,"Zone4_G"
"Sargassum.muticum","#D17B44","G",7,"Zone4_G"
"Pterothamnion.plumula","#D17B44","G",7,"Zone4_G"
"Derbesia.marina","#D17B44","G",7,"Zone4_G"
"Ptilota.gunneri","#D17B44","G",7,"Zone4_G"
"Asperococcus.bullosus","#D17B44","G",7,"Zone4_G"
"Dilsea.carnosa","#D17B44","G",7,"Zone4_G"
"Heterosiphonia.plumosa","#D17B44","G",7,"Zone4_G"
"Modiolus.modiolus","#D17B44","G",7,"Zone4_G"
"Paraonis.fulgens","#D17B44","G",7,"Zone4_G"
"Spio.armata","#D17B44","G",7,"Zone4_G"
"Branchiostoma.lanceolatum","#D17B44","G",7,"Zone4_G"
"Pisione.remota","#D17B44","G",7,"Zone4_G"
"Melobesia.membranacea","#D17B44","G",7,"Zone4_G"
"Tanaissus.lilljeborgi","#D17B44","G",7,"Zone4_G"
"Halidrys.siliquosa","#D17B44","G",7,"Zone4_G"
"Lomentaria.clavellosa","#D17B44","G",7,"Zone4_G"
"Dasysiphonia.japonica","#D17B44","G",7,"Zone4_G"
"Laminaria.hyperborea","#D17B44","G",7,"Zone4_G"
"Bathyporeia.guilliamsonia","#D17B44","G",7,"Zone4_G"
"Fabulina.fabula","#D17B44","G",7,"Zone4_G"
"Spiophanes.bombyx","#D17B44","G",7,"Zone4_G"
"Lamprops.fasciatus","#D17B44","G",7,"Zone4_G"
"Nephtys.longosetosa","#D17B44","G",7,"Zone4_G"
"Ophelia.borealis","#D17B44","G",7,"Zone4_G"
"Spermothamnion.repens","#D17B44","G",7,"Zone4_G"
"Spio.filicornis","#D17B44","G",7,"Zone4_G"
"Vertebrata.byssoides","#D17B44","G",7,"Zone4_G"
"Corallina.officinalis","#D17B44","G",7,"Zone4_G"
"Bonnemaisonia.hamifera","#D17B44","G",7,"Zone4_G"
"Plumaria.plumosa","#D17B44","G",7,"Zone4_G"
"Phoxocephalus.holbolli","#D17B44","G",7,"Zone4_G"
"Callopora.lineata","#D17B44","G",7,"Zone4_G"
"Escharella.immersa","#D17B44","G",7,"Zone4_G"
"Spirorbis.corallinae","#D17B44","G",7,"Zone4_G"
"Crisia.eburnea","#D17B44","G",7,"Zone4_G"
"Halisarca.dujardinii","#D17B44","G",7,"Zone4_G"
"Pholoe.inornata","#D17B44","G",7,"Zone4_G"
"Spisula.subtruncata","#D17B44","G",7,"Zone4_G"
"Lanice.conchilega","#D17B44","G",7,"Zone4_G"
"Phyllodoce.groenlandica","#D17B44","G",7,"Zone4_G"
"Desmarestia.aculeata","#D17B44","G",7,"Zone4_G"
"Eumida.sanguinea","#D17B44","G",7,"Zone4_G"
"Macoma.calcarea","#D17B44","G",7,"Zone4_G"
"Aporrhais.pespelecani","#D17B44","G",7,"Zone4_G"
"Philine.aperta","#D17B44","G",7,"Zone4_G"
"Mediomastus.fragilis","#D17B44","G",7,"Zone4_G"
"Nephtys.assimilis","#D17B44","G",7,"Zone4_G"
"Vertebrata.fucoides","#B28D00","F",6,"Zone4_F"
"Mya.arenaria","#B28D00","F",6,"Zone4_F"
"Mytilus","#B28D00","F",6,"Zone4_F"
"Arenicola.marina","#B28D00","F",6,"Zone4_F"
"Tubificoides.benedii","#B28D00","F",6,"Zone4_F"
"Peringia.ulvae","#B28D00","F",6,"Zone4_F"
"Pygospio.elegans","#B28D00","F",6,"Zone4_F"
"Fabricia.stellaris","#B28D00","F",6,"Zone4_F"
"Alitta.succinea","#B28D00","F",6,"Zone4_F"
"Cerastoderma.glaucum","#B28D00","F",6,"Zone4_F"
"Hediste.diversicolor","#B28D00","F",6,"Zone4_F"
"Gammarus.salinus","#B28D00","F",6,"Zone4_F"
"Lineus.ruber","#B28D00","F",6,"Zone4_F"
"Ophelia.rathkei","#B28D00","F",6,"Zone4_F"
"Ampithoe.rubricata","#B28D00","F",6,"Zone4_F"
"Bathyporeia.pilosa","#B28D00","F",6,"Zone4_F"
"Cerastoderma.edule","#00ABB2","E",5,"Zone4_E"
"Ceramium.tenuicorne","#00ABB2","E",5,"Zone4_E"
"Ectocarpus.Pylaiella","#00ABB2","E",5,"Zone4_E"
"Mesogloia.vermiculata","#00ABB2","E",5,"Zone4_E"
"Ruppia.cirrhosa","#00ABB2","E",5,"Zone4_E"
"Scytosiphon.lomentaria","#00ABB2","E",5,"Zone4_E"
"Chorda.filum","#00ABB2","E",5,"Zone4_E"
"Dictyosiphon.foeniculaceus","#00ABB2","E",5,"Zone4_E"
"Bittium.reticulatum","#00ABB2","E",5,"Zone4_E"
"Nemalion.multifidum","#00ABB2","E",5,"Zone4_E"
"Capitella.capitata","#00ABB2","E",5,"Zone4_E"
"Polydora.cornuta","#00ABB2","E",5,"Zone4_E"
"Polysiphonia.elongata","#00ABB2","E",5,"Zone4_E"
"Cladophora.sericea","#00ABB2","E",5,"Zone4_E"
"Dumontia.contorta","#00ABB2","E",5,"Zone4_E"
"Chaetomorpha.linum","#00ABB2","E",5,"Zone4_E"
"Zostera.marina","#00ABB2","E",5,"Zone4_E"
"Spermatochnus.paradoxus","#00ABB2","E",5,"Zone4_E"
"Chordaria.flagelliformis","#00ABB2","E",5,"Zone4_E"
"Dictyosiphon.chordaria","#00ABB2","E",5,"Zone4_E"
"Spongonema.tomentosum","#00ABB2","E",5,"Zone4_E"
"Monocorophium.insidiosum","#00ABB2","E",5,"Zone4_E"
"Pusillina.inconspicua","#00ABB2","E",5,"Zone4_E"
"Ulva.linza","#00ABB2","E",5,"Zone4_E"
"Apherusa.bispinosa","#00ABB2","E",5,"Zone4_E"
"Eudesme.virescens","#00ABB2","E",5,"Zone4_E"
"Halosiphon.tomentosus","#00ABB2","E",5,"Zone4_E"
"Spongomorpha.aeruginosa","#00ABB2","E",5,"Zone4_E"
"Chara.baltica","#00ABB2","E",5,"Zone4_E"
"Scrobicularia.plana","#00ABB2","E",5,"Zone4_E"
"Platynereis.dumerilii","#00ABB2","E",5,"Zone4_E"
"Zannichellia.palustris","#00ABB2","E",5,"Zone4_E"
"Ulva.prolifera","#00ABB2","E",5,"Zone4_E"
"Ericthonius.brasiliensis","#00ABB2","E",5,"Zone4_E"
"Fucus.vesiculosus.radicans","#00ABB2","E",5,"Zone4_E"
"Ruppia.maritima","#00ABB2","E",5,"Zone4_E"
"Ceramium.diaphanum","#00ABB2","E",5,"Zone4_E"
"Streblospio.shrubsolii","#00ABB2","E",5,"Zone4_E"
"Tubificoides.pseudogaster","#00ABB2","E",5,"Zone4_E"
"Musculus.discors","#00ABB2","E",5,"Zone4_E"
"Baltidrilus.costatus","#00ABB2","E",5,"Zone4_E"
"Heterotanais.oerstedii","#00ABB2","E",5,"Zone4_E"
"Dendrodoa.grossularia","#00A0D6","D",4,"Zone4_D"
"Malacobdella.grossa","#00A0D6","D",4,"Zone4_D"
"Pholoe.assimilis","#00A0D6","D",4,"Zone4_D"
"Flustra.foliacea","#00A0D6","D",4,"Zone4_D"
"Astarte.montagui","#00A0D6","D",4,"Zone4_D"
"Laonome.kroyeri","#00A0D6","D",4,"Zone4_D"
"Exogone.naidina","#00A0D6","D",4,"Zone4_D"
"Onoba.semicostata","#00A0D6","D",4,"Zone4_D"
"Psammechinus.miliaris","#00A0D6","D",4,"Zone4_D"
"Ampelisca.macrocephala","#00A0D6","D",4,"Zone4_D"
"Crenella.decussata","#00A0D6","D",4,"Zone4_D"
"Apistobranchus.tullbergi","#00A0D6","D",4,"Zone4_D"
"Artacama.proboscidea","#00A0D6","D",4,"Zone4_D"
"Lysilla.loveni","#00A0D6","D",4,"Zone4_D"
"Musculus.niger","#00A0D6","D",4,"Zone4_D"
"Nephtys.pente","#00A0D6","D",4,"Zone4_D"
"Protomedeia.fasciata","#00A0D6","D",4,"Zone4_D"
"Sertularia.cupressina","#00A0D6","D",4,"Zone4_D"
"Mya.truncata","#00A0D6","D",4,"Zone4_D"
"Hiatella.arctica","#00A0D6","D",4,"Zone4_D"
"Nereimyra.punctata","#00A0D6","D",4,"Zone4_D"
"Pherusa.plumosa","#00A0D6","D",4,"Zone4_D"
"Halcampa.duodecimcirrata","#00A0D6","D",4,"Zone4_D"
"Farrella.repens","#00A0D6","D",4,"Zone4_D"
"Pariambus.typicus","#00A0D6","D",4,"Zone4_D"
"Aricidea.suecica","#DE63B9","C",3,"Zone4_C"
"Phyllodoce.mucosa","#DE63B9","C",3,"Zone4_C"
"Gastrosaccus.spinifer","#DE63B9","C",3,"Zone4_C"
"Harmothoe.imbricata","#DE63B9","C",3,"Zone4_C"
"Asterias.rubens","#DE63B9","C",3,"Zone4_C"
"Parvicardium.pinnulatum","#DE63B9","C",3,"Zone4_C"
"Crassicorophium.crassicor","#DE63B9","C",3,"Zone4_C"
"Dipolydora.quadrilobata","#DE63B9","C",3,"Zone4_C"
"Neoamphitrite.figulus","#DE63B9","C",3,"Zone4_C"
"Electra.pilosa","#DE63B9","C",3,"Zone4_C"
"Aricidea.minuta","#DE63B9","C",3,"Zone4_C"
"Spio.goniocephala","#DE63B9","C",3,"Zone4_C"
"Heteromastus.filiformis","#DE63B9","C",3,"Zone4_C"
"Ampharete.baltica","#DE63B9","C",3,"Zone4_C"
"Scoloplos.armiger","#DE63B9","C",3,"Zone4_C"
"Gammarus.tigrinus","#DE63B9","C",3,"Zone4_C"
"Terebellides.stroemii","#DE63B9","C",3,"Zone4_C"
"Arctica.islandica","#DE63B9","C",3,"Zone4_C"
"Trochochaeta.multisetosa","#DE63B9","C",3,"Zone4_C"
"Kurtiella.bidentata","#DE63B9","C",3,"Zone4_C"
"Phaxas.pellucidus","#DE63B9","C",3,"Zone4_C"
"Abra.alba","#DE63B9","C",3,"Zone4_C"
"Nephtys.ciliata","#DE63B9","C",3,"Zone4_C"
"Ophiura.albida","#DE63B9","C",3,"Zone4_C"
"Corbula.gibba","#DE63B9","C",3,"Zone4_C"
"Parexogone.hebes","#DE63B9","C",3,"Zone4_C"
"Spio.arndti","#DE63B9","C",3,"Zone4_C"
"Aricidea.cerrutii","#829C00","B",2,"Zone4_B"
"Priapulus.caudatus","#829C00","B",2,"Zone4_B"
"Ampharete.acutifrons","#829C00","B",2,"Zone4_B"
"Bylgides.sarsi","#829C00","B",2,"Zone4_B"
"Halicryptus.spinulosus","#829C00","B",2,"Zone4_B"
"Pontoporeia.femorata","#829C00","B",2,"Zone4_B"
"Diastylis.rathkei","#829C00","B",2,"Zone4_B"
"Limecola.balthica","#829C00","B",2,"Zone4_B"
"Opercularella.lacerata","#829C00","B",2,"Zone4_B"
"Lagis.koreni","#829C00","B",2,"Zone4_B"
"Astarte.borealis","#829C00","B",2,"Zone4_B"
"Astarte.elliptica","#829C00","B",2,"Zone4_B"
"Eleocharis.uniglumis","#7B8AE6","A",1,"Zone4_A"
"Juncus.gerardii","#7B8AE6","A",1,"Zone4_A"
"Triglochin.maritima","#7B8AE6","A",1,"Zone4_A"
"Schoenoplectus.lacustris","#7B8AE6","A",1,"Zone4_A"
"Ascophyllum.nodosum","#7B8AE6","A",1,"Zone4_A"
"Bolboschoenus.maritimus","#7B8AE6","A",1,"Zone4_A"
"Lemna.minor","#7B8AE6","A",1,"Zone4_A"
"Metridium.senile","#7B8AE6","A",1,"Zone4_A"
"Molgula.manhattensis","#7B8AE6","A",1,"Zone4_A"
"Clytia.hemisphaerica","#7B8AE6","A",1,"Zone4_A"
"Gammarellus.homari","#7B8AE6","A",1,"Zone4_A"
"Laonice.bahusiensis","#7B8AE6","A",1,"Zone4_A"
"Paramphinome.jeffreysii","#7B8AE6","A",1,"Zone4_A"
"Hermania.scabra","#7B8AE6","A",1,"Zone4_A"
"Philine.quadripartita","#7B8AE6","A",1,"Zone4_A"
"Alkmaria.romijni","#7B8AE6","A",1,"Zone4_A"
"Microphthalmus.sczelkowii","#7B8AE6","A",1,"Zone4_A"
"Apoglossum.ruscifolium","#7B8AE6","A",1,"Zone4_A"
"Bathyporeia.pelagica","#7B8AE6","A",1,"Zone4_A"
